[
    {
        "title": "瑞士艺术制表大师爱宝时（EPOS）-Emotion情感系列 罗马假期-雪白版 3390.152.20.10.30 机械男表",
        "price": "$6140",
        "num": 1,
        "img": "['1-1.jpg', '1-2.jpg']"
    },
    {
        "title": "瑞士艺术制表大师爱宝时（EPOS）-Emotion情感系列 罗马假期-水蓝版 3390.152.20.16.25 机械男表",
        "price": "$5770",
        "num": 1,
        "img": "['2-1.jpg', '2-2.jpg']"
    },
    {
        "title": "【天梭原装正品，全球联保两年】 天梭TISSOT-力洛克系列 T006.407.11.053.00 机械男表",
        "price": "3680",
        "num": 1,
        "img": "['3-1.jpg', '3-2.jpg']"
    }
]